data_boletim,data,t (dias),Casos Activos,Recuperados,Casos Novos,Casos Total,Dif. Casos Totais,Ã“bitos,V. Activa
6-abr-2020,5-abr-2020,1,3,0,,3,,,8
7-abr-2020,6-abr-2020,2,3,0,0,3,0,,0
8-abr-2020,7-abr-2020,3,4,0,1,4,1,,1
9-abr-2020,8-abr-2020,4,5,0,1,5,1,,3
10-abr-2020,9-abr-2020,5,5,0,0,5,0,,4
11-abr-2020,10-abr-2020,6,5,0,0,5,0,,4
12-abr-2020,11-abr-2020,7,7,0,2,7,2,,6
13-abr-2020,12-abr-2020,8,7,0,0,7,0,,10
14-abr-2020,13-abr-2020,9,7,0,0,7,0,,10
15-abr-2020,14-abr-2020,10,7,0,0,7,0,,10
16-abr-2020,15-abr-2020,11,,,,,,,
17-abr-2020,16-abr-2020,12,8,0,8,8,,,15
18-abr-2020,17-abr-2020,13,7,1,-1,8,0,,14
19-abr-2020,18-abr-2020,14,9,1,2,10,2,,14
20-abr-2020,19-abr-2020,15,10,1,1,11,1,,17
21-abr-2020,20-abr-2020,16,9,2,-1,11,0,,16
22-abr-2020,21-abr-2020,17,11,2,2,13,2,,16
23-abr-2020,22-abr-2020,18,11,3,0,13,0,,14
24-abr-2020,23-abr-2020,19,7,4,-4,13,0,,13
25-abr-2020,24-abr-2020,20,7,4,0,13,0,,13
26-abr-2020,25-abr-2020,21,7,4,0,13,0,,13
27-abr-2020,26-abr-2020,22,8,4,1,14,1,,20
28-abr-2020,27-abr-2020,23,10,4,2,16,2,,25
29-abr-2020,28-abr-2020,24,12,5,2,18,2,,24
30-abr-2020,29-abr-2020,25,10,7,-2,18,0,,24
1-mai-2020,30-abr-2020,26,10,7,0,18,0,,24
2-mai-2020,1-mai-2020,27,21,7,11,29,11,,40
3-mai-2020,2-mai-2020,28,21,7,0,29,0,,59
4-mai-2020,3-mai-2020,29,21,7,0,29,0,,61
5-mai-2020,4-mai-2020,30,26,7,5,34,5,1,79
6-mai-2020,5-mai-2020,31,32,7,6,40,6,1,91
7-mai-2020,6-mai-2020,32,38,7,6,46,6,1,105
8-mai-2020,7-mai-2020,33,40,7,2,48,2,1,115
9-mai-2020,8-mai-2020,34,41,7,1,49,1,1,106
10-mai-2020,9-mai-2020,35,41,7,0,49,0,1,106
11-mai-2020,10-mai-2020,36,43,7,2,51,2,1,106
12-mai-2020,11-mai-2020,37,45,8,2,54,3,1,
13-mai-2020,12-mai-2020,38,45,11,0,57,3,1,
14-mai-2020,13-mai-2020,39,47,11,2,59,2,1,
15-mai-2020,14-mai-2020,40,48,11,1,60,1,1,
16-mai-2020,15-mai-2020,41,50,11,2,62,2,1,
17-mai-2020,16-mai-2020,42,50,11,0,62,0,1,
18-mai-2020,17-mai-2020,43,50,11,0,62,0,1,
19-mai-2020,18-mai-2020,44,49,11,-1,62,0,2,
20-mai-2020,19-mai-2020,45,42,21,-7,65,3,2,
21-mai-2020,20-mai-2020,46,44,21,2,67,2,2,
22-mai-2020,21-mai-2020,47,47,21,3,70,3,2,
23-mai-2020,22-mai-2020,48,47,21,0,70,0,2,
24-mai-2020,23-mai-2020,49,49,21,2,72,2,2,
25-mai-2020,24-mai-2020,50,50,21,1,73,1,2,
26-mai-2020,25-mai-2020,51,48,23,-2,73,0,2,
27-mai-2020,26-mai-2020,52,51,24,3,77,4,2,
28-mai-2020,27-mai-2020,53,51,26,0,79,2,2,
29-mai-2020,28-mai-2020,54,53,27,2,82,3,2,
30-mai-2020,29-mai-2020,55,56,27,3,85,3,2,
31-mai-2020,30-mai-2020,56,61,27,5,90,5,2,
1-jun-2020,31-mai-2020,57,65,27,4,94,4,2,
2-jun-2020,1-jun-2020,58,66,31,1,99,5,2,
3-jun-2020,2-jun-2020,59,65,33,-1,100,1,2,
4-jun-2020,3-jun-2020,60,75,35,10,112,12,2,
5-jun-2020,4-jun-2020,61,78,34,3,114,2,2,
6-jun-2020,5-jun-2020,62,78,34,0,114,0,2,
7-jun-2020,6-jun-2020,63,84,34,6,120,6,2,
8-jun-2020,7-jun-2020,64,85,34,1,121,1,2,
9-jun-2020,8-jun-2020,65,91,34,6,127,6,2,
10-jun-2020,9-jun-2020,66,94,34,3,130,3,2,
11-jun-2020,10-jun-2020,67,94,34,0,130,0,2,
12-jun-2020,11-jun-2020,68,96,34,2,132,2,2,
13-jun-2020,12-jun-2020,69,97,34,1,133,1,2,
14-jun-2020,13-jun-2020,70,94,37,-3,133,0,2,
15-jun-2020,14-jun-2020,71,94,37,0,133,0,2,
16-jun-2020,15-jun-2020,72,87,44,-7,133,0,2,
17-jun-2020,16-jun-2020,73,78,56,-9,136,3,2,
18-jun-2020,17-jun-2020,74,63,71,-15,136,0,2,
19-jun-2020,18-jun-2020,75,60,82,-3,144,8,2,
20-jun-2020,19-jun-2020,76,58,84,-2,144,0,2,
21-jun-2020,20-jun-2020,77,57,85,-1,144,0,2,
22-jun-2020,21-jun-2020,78,61,85,4,148,4,2,
23-jun-2020,22-jun-2020,79,64,86,3,152,4,2,
24-jun-2020,23-jun-2020,80,62,88,-2,152,0,2,
25-jun-2020,24-jun-2020,81,40,111,-22,153,1,2,
26-jun-2020,25-jun-2020,82,41,111,1,154,1,2,
27-jun-2020,26-jun-2020,83,43,113,2,158,4,2,
28-jun-2020,27-jun-2020,84,43,113,0,158,0,2,
29-jun-2020,28-jun-2020,85,43,113,0,158,0,2,
30-jun-2020,29-jun-2020,86,42,113,-1,157,-1,2,
1-jul-2020,30-jun-2020,87,39,117,-3,158,1,2,
2-jul-2020,1-jul-2020,88,38,118,-1,158,0,2,
3-jul-2020,2-jul-2020,89,36,120,-2,158,0,2,
4-jul-2020,3-jul-2020,90,36,121,0,159,1,2,
5-jul-2020,4-jul-2020,91,35,123,-1,160,1,2,
6-jul-2020,5-jul-2020,92,36,123,1,161,1,2,
7-jul-2020,6-jul-2020,93,39,123,3,164,3,2,
8-jul-2020,7-jul-2020,94,40,123,1,165,1,2,
9-jul-2020,8-jul-2020,95,34,130,-6,166,1,2,
10-jul-2020,9-jul-2020,96,27,137,-7,166,0,2,
11-jul-2020,10-jul-2020,97,32,134,5,168,2,2,
12-jul-2020,11-jul-2020,98,24,140,-8,166,-2,2,
13-jul-2020,12-jul-2020,99,27,140,3,169,3,2,
14-jul-2020,13-jul-2020,100,30,140,3,172,3,2,
15-jul-2020,14-jul-2020,101,29,143,-1,174,2,2,
16-jul-2020,15-jul-2020,102,29,146,0,177,3,2,
17-jul-2020,16-jul-2020,103,30,146,1,178,1,2,
18-jul-2020,17-jul-2020,104,30,147,0,179,1,2,
19-jul-2020,18-jul-2020,105,34,147,4,183,4,2,
20-jul-2020,19-jul-2020,106,30,152,-4,184,1,2,
21-jul-2020,20-jul-2020,107,32,152,2,186,2,2,
22-jul-2020,21-jul-2020,108,33,152,1,187,1,2,
23-jul-2020,22-jul-2020,109,33,152,0,187,0,2,
24-jul-2020,23-jul-2020,110,31,154,-2,187,0,2,
25-jul-2020,24-jul-2020,111,32,154,1,188,1,2,
26-jul-2020,25-jul-2020,112,33,154,1,189,1,2,
27-jul-2020,26-jul-2020,113,33,154,0,189,0,2,
28-jul-2020,27-jul-2020,114,29,158,-4,189,0,2,
29-jul-2020,28-jul-2020,115,30,159,1,191,2,2,
30-jul-2020,29-jul-2020,116,27,162,-3,191,0,2,
31-jul-2020,30-jul-2020,117,27,162,0,191,0,2,
1-ago-2020,31-jul-2020,118,22,167,-5,191,0,2,
2-ago-2020,1-ago-2020,119,19,170,-3,191,0,2,
3-ago-2020,2-ago-2020,120,18,171,-1,191,0,2,
4-ago-2020,3-ago-2020,121,18,172,0,192,1,2,
5-ago-2020,4-ago-2020,122,14,176,-4,192,0,2,
6-ago-2020,5-ago-2020,123,13,178,-1,193,1,2,
7-ago-2020,6-ago-2020,124,10,181,-3,193,0,2,
8-ago-2020,7-ago-2020,125,11,181,1,194,1,2,
9-ago-2020,8-ago-2020,126,10,181,-1,193,-1,2,
10-ago-2020,9-ago-2020,127,9,182,-1,193,0,2,
11-ago-2020,10-ago-2020,128,11,182,2,195,2,2,
12-ago-2020,11-ago-2020,129,13,182,2,197,2,2,
13-ago-2020,12-ago-2020,130,13,182,0,197,0,2,
14-ago-2020,13-ago-2020,131,14,182,1,198,1,2,
15-ago-2020,14-ago-2020,132,14,182,0,198,0,2,
16-ago-2020,15-ago-2020,133,14,182,0,198,0,2,
17-ago-2020,16-ago-2020,134,14,182,0,198,0,2,
18-ago-2020,17-ago-2020,135,14,182,0,198,0,2,
19-ago-2020,18-ago-2020,136,14,182,0,198,0,2,
20-ago-2020,19-ago-2020,137,14,184,0,200,2,2,
21-ago-2020,20-ago-2020,138,13,184,-1,199,-1,2,
22-ago-2020,21-ago-2020,139,13,184,0,199,0,2,
23-ago-2020,22-ago-2020,140,13,184,0,199,0,2,
24-ago-2020,23-ago-2020,141,13,184,0,199,0,2,
25-ago-2020,24-ago-2020,142,12,184,-1,198,-1,2,
26-ago-2020,25-ago-2020,143,14,185,2,201,3,2,
27-ago-2020,26-ago-2020,144,14,185,0,202,1,2,
28-ago-2020,27-ago-2020,145,15,185,1,202,0,2,
29-ago-2020,28-ago-2020,146,13,185,-2,200,-2,2,
30-ago-2020,29-ago-2020,147,13,185,0,200,0,2,
31-ago-2020,30-ago-2020,148,13,185,0,200,0,2,
1-set-2020,31-ago-2020,149,14,185,1,201,1,2,
2-set-2020,1-set-2020,150,14,185,0,201,0,2,
3-set-2020,2-set-2020,151,15,185,1,202,1,2,
4-set-2020,3-set-2020,152,16,185,1,203,1,2,
5-set-2020,4-set-2020,153,16,185,0,203,0,2,
6-set-2020,5-set-2020,154,17,185,1,204,1,2,
7-set-2020,6-set-2020,155,17,185,0,204,0,2,
8-set-2020,7-set-2020,156,14,189,-3,205,1,2,
9-set-2020,8-set-2020,157,15,189,1,206,1,2,
10-set-2020,9-set-2020,158,19,189,4,210,4,2,
11-set-2020,10-set-2020,159,19,189,0,210,0,2,
12-set-2020,11-set-2020,160,26,190,7,218,8,2,
13-set-2020,12-set-2020,161,30,190,4,222,4,2,
14-set-2020,13-set-2020,162,31,190,1,223,1,2,
15-set-2020,14-set-2020,163,30,190,-1,222,-1,2,
16-set-2020,15-set-2020,164,27,193,-3,222,0,2,
17-set-2020,16-set-2020,165,29,193,2,224,2,2,
18-set-2020,17-set-2020,166,31,194,2,227,3,2,
19-set-2020,18-set-2020,167,32,194,1,228,1,2,
20-set-2020,19-set-2020,168,35,194,3,231,3,2,
21-set-2020,20-set-2020,169,35,194,0,231,0,2,
22-set-2020,21-set-2020,170,36,194,1,232,1,2,
23-set-2020,22-set-2020,171,36,194,0,232,0,2,
24-set-2020,23-set-2020,172,36,194,0,232,0,2,
25-set-2020,24-set-2020,173,33,197,-3,232,0,2,
26-set-2020,25-set-2020,174,30,201,-3,235,3,2,
27-set-2020,26-set-2020,175,38,201,8,241,6,2,
28-set-2020,27-set-2020,176,39,201,1,242,1,2,
29-set-2020,28-set-2020,177,40,201,1,243,1,2,
30-set-2020,29-set-2020,178,41,201,1,244,1,2,
1-out-2020,30-set-2020,179,42,201,1,245,1,2,
2-out-2020,1-out-2020,180,41,204,-1,247,2,2,
3-out-2020,2-out-2020,181,40,206,-1,249,2,3,
4-out-2020,3-out-2020,182,38,211,-2,252,3,3,
5-out-2020,4-out-2020,183,39,211,1,253,1,3,
6-out-2020,5-out-2020,184,39,211,0,253,0,3,
7-out-2020,6-out-2020,185,39,211,0,254,1,4,
8-out-2020,7-out-2020,186,33,220,-6,257,3,4,
9-out-2020,8-out-2020,187,30,223,-3,257,0,4,
10-out-2020,9-out-2020,188,31,224,1,259,2,4,
11-out-2020,10-out-2020,189,32,224,1,260,1,4,
12-out-2020,11-out-2020,190,30,226,-2,260,0,4,
13-out-2020,12-out-2020,191,31,226,1,261,1,4,
14-out-2020,13-out-2020,192,31,226,0,261,0,4,
15-out-2020,14-out-2020,193,26,231,-5,261,0,4,
16-out-2020,15-out-2020,194,28,231,2,263,2,4,
17-out-2020,16-out-2020,195,29,231,1,264,1,4,
18-out-2020,17-out-2020,196,30,231,1,265,1,4,
19-out-2020,18-out-2020,197,34,231,4,269,4,4,
20-out-2020,19-out-2020,198,32,233,-2,269,0,4,
21-out-2020,20-out-2020,199,25,240,-7,269,0,4,
22-out-2020,21-out-2020,200,28,240,3,272,3,4,
23-out-2020,22-out-2020,201,37,240,9,281,9,4,
24-out-2020,23-out-2020,202,42,240,5,286,5,4,
25-out-2020,24-out-2020,203,44,240,2,288,2,4,
26-out-2020,25-out-2020,204,49,240,5,293,5,4,
27-out-2020,26-out-2020,205,55,240,6,299,6,4,
28-out-2020,27-out-2020,206,61,240,6,305,6,4,
29-out-2020,28-out-2020,207,65,240,4,309,4,4,
30-out-2020,29-out-2020,208,65,245,0,314,5,4,
31-out-2020,30-out-2020,209,74,245,9,323,9,4,
1-nov-2020,31-out-2020,210,85,245,11,334,11,4,
2-nov-2020,1-nov-2020,211,93,245,8,342,8,4,
3-nov-2020,2-nov-2020,212,102,245,9,351,9,4,
4-nov-2020,3-nov-2020,213,108,245,6,357,6,4,
5-nov-2020,4-nov-2020,214,128,245,20,377,20,4,
6-nov-2020,5-nov-2020,215,132,245,4,381,4,4,
7-nov-2020,6-nov-2020,216,138,245,6,387,6,4,
8-nov-2020,7-nov-2020,217,140,255,2,399,12,4,
9-nov-2020,8-nov-2020,218,142,255,2,401,2,4,
10-nov-2020,9-nov-2020,219,144,255,2,403,2,4,
11-nov-2020,10-nov-2020,220,149,255,5,408,5,4,
12-nov-2020,11-nov-2020,221,150,258,1,412,4,4,
13-nov-2020,12-nov-2020,222,144,266,-6,414,2,4,
14-nov-2020,13-nov-2020,223,145,274,1,423,9,4,
15-nov-2020,14-nov-2020,224,154,274,9,434,11,6,
16-nov-2020,15-nov-2020,225,160,274,6,440,6,6,
17-nov-2020,16-nov-2020,226,162,274,2,442,2,6,
18-nov-2020,17-nov-2020,227,207,274,45,487,45,6,
19-nov-2020,18-nov-2020,228,203,292,-4,503,16,8,
20-nov-2020,19-nov-2020,229,216,292,13,516,13,8,
21-nov-2020,20-nov-2020,230,225,292,9,525,9,8,
22-nov-2020,21-nov-2020,231,235,298,10,541,16,8,
23-nov-2020,22-nov-2020,232,173,368,-62,549,8,8,
24-nov-2020,23-nov-2020,233,189,368,16,565,16,8,
25-nov-2020,24-nov-2020,234,210,368,21,586,21,8,
26-nov-2020,25-nov-2020,235,197,398,-13,603,17,8,
27-nov-2020,26-nov-2020,236,175,433,-22,616,13,8,
28-nov-2020,27-nov-2020,237,178,448,3,635,19,9,
29-nov-2020,28-nov-2020,238,185,451,7,645,10,9,
30-nov-2020,29-nov-2020,239,190,451,5,650,5,9,
1-dez-2020,30-nov-2020,240,197,451,7,657,7,9,
2-dez-2020,1-dez-2020,241,208,451,11,668,11,9,
3-dez-2020,2-dez-2020,242,184,482,-24,675,7,9,
4-dez-2020,3-dez-2020,243,195,482,11,688,13,11,
5-dez-2020,4-dez-2020,244,211,482,16,704,16,11,
6-dez-2020,5-dez-2020,245,230,482,19,724,20,12,
7-dez-2020,6-dez-2020,246,230,482,0,724,0,12,
8-dez-2020,7-dez-2020,247,203,516,-27,731,7,12,
9-dez-2020,8-dez-2020,248,207,521,4,740,9,12,
10-dez-2020,9-dez-2020,249,212,521,5,745,5,12,
11-dez-2020,10-dez-2020,250,219,521,7,752,7,12,
12-dez-2020,11-dez-2020,251,210,537,-9,759,7,12,
13-dez-2020,12-dez-2020,252,194,575,-16,781,22,12,
14-dez-2020,13-dez-2020,253,204,575,10,791,10,12,
15-dez-2020,14-dez-2020,254,191,592,-13,798,7,15,
16-dez-2020,15-dez-2020,255,199,596,8,810,12,15,
17-dez-2020,16-dez-2020,256,174,630,-25,819,9,15,
18-dez-2020,17-dez-2020,257,183,630,9,828,9,15,
19-dez-2020,18-dez-2020,258,180,641,-3,836,8,15,
20-dez-2020,19-dez-2020,259,143,683,-37,841,5,15,
21-dez-2020,20-dez-2020,260,146,683,3,844,3,15,
22-dez-2020,21-dez-2020,261,147,683,1,845,1,15,
23-dez-2020,22-dez-2020,262,155,683,8,853,8,15,
24-dez-2020,23-dez-2020,263,160,683,5,859,6,16,
25-dez-2020,24-dez-2020,264,168,683,8,867,8,16,
26-dez-2020,25-dez-2020,265,135,716,-33,867,0,16,
27-dez-2020,26-dez-2020,266,134,718,-1,868,1,16,
28-dez-2020,27-dez-2020,267,139,718,5,873,5,16,
29-dez-2020,28-dez-2020,268,118,740,-21,874,1,16,
30-dez-2020,29-dez-2020,269,101,760,-17,877,3,16,
31-dez-2020,30-dez-2020,270,76,785,-25,877,0,16,
1-jan-2021,31-dez-2020,271,69,798,-7,883,6,16,
2-jan-2021,1-jan-2021,272,66,802,-3,884,1,16,
3-jan-2021,2-jan-2021,273,67,808,1,891,7,16,
4-jan-2021,3-jan-2021,274,74,810,7,900,9,16,
5-jan-2021,4-jan-2021,275,76,810,2,902,2,16,
6-jan-2021,5-jan-2021,276,71,821,-5,910,8,18,
7-jan-2021,6-jan-2021,277,76,838,5,932,22,18,
8-jan-2021,7-jan-2021,278,82,840,6,940,8,18,
9-jan-2021,8-jan-2021,279,100,856,18,974,34,18,
10-jan-2021,9-jan-2021,280,105,860,5,983,9,18,
11-jan-2021,10-jan-2021,281,100,866,-5,984,1,18,
12-jan-2021,11-jan-2021,282,110,867,10,995,11,18,
13-jan-2021,12-jan-2021,283,115,867,5,1000,5,18,
14-jan-2021,13-jan-2021,284,130,876,15,1024,24,18,
15-jan-2021,14-jan-2021,285,148,896,18,1062,38,18,
16-jan-2021,15-jan-2021,286,150,910,2,1078,16,18,
17-jan-2021,16-jan-2021,287,155,930,5,1103,25,18,
18-jan-2021,17-jan-2021,288,183,930,28,1131,28,18,
19-jan-2021,18-jan-2021,289,185,934,2,1137,6,18,
20-jan-2021,19-jan-2021,290,201,934,16,1155,18,20,
21-jan-2021,20-jan-2021,291,197,941,-4,1158,3,20,
22-jan-2021,21-jan-2021,292,216,941,19,1177,19,20,
23-jan-2021,22-jan-2021,293,245,941,29,1207,30,21,
24-jan-2021,23-jan-2021,294,261,941,16,1223,16,21,
25-jan-2021,24-jan-2021,295,299,941,38,1261,38,21,
26-jan-2021,25-jan-2021,296,260,988,-39,1269,8,21,
27-jan-2021,26-jan-2021,297,296,1007,36,1324,55,21,
28-jan-2021,27-jan-2021,298,310,1007,14,1338,14,21,
29-jan-2021,28-jan-2021,299,333,1017,23,1371,33,21,
30-jan-2021,29-jan-2021,300,333,1060,0,1414,43,21,
31-jan-2021,30-jan-2021,301,362,1060,29,1443,29,21,
1-fev-2021,31-jan-2021,302,373,1070,11,1464,21,21,
2-fev-2021,1-fev-2021,303,358,1105,-15,1484,20,21,
3-fev-2021,2-fev-2021,304,,,,,,,
4-fev-2021,3-fev-2021,305,327,1140,,1488,,21,
5-fev-2021,4-fev-2021,306,339,1140,12,1500,12,21,
6-fev-2021,5-fev-2021,307,310,1159,-29,1490,-10,21,
7-fev-2021,6-fev-2021,308,305,1205,-5,1531,41,21,
8-fev-2021,7-fev-2021,309,304,1218,-1,1543,12,21,
9-fev-2021,8-fev-2021,310,286,1237,-18,1544,1,21,
10-fev-2021,9-fev-2021,311,241,1290,-45,1552,8,21,
11-fev-2021,10-fev-2021,312,235,1305,-6,1561,9,21,
12-fev-2021,11-fev-2021,313,214,1325,-21,1560,-1,21,
13-fev-2021,12-fev-2021,314,206,1350,-8,1577,17,21,
14-fev-2021,13-fev-2021,315,191,1365,-15,1577,0,21,
15-fev-2021,14-fev-2021,316,191,1366,0,1578,1,21,
16-fev-2021,15-fev-2021,317,189,1376,-2,1588,10,23,
17-fev-2021,16-fev-2021,318,166,1400,-23,1589,1,23,
18-fev-2021,17-fev-2021,319,159,1423,-7,1605,16,23,
19-fev-2021,18-fev-2021,320,160,1423,1,1606,1,23,
20-fev-2021,19-fev-2021,321,151,1432,-9,1606,0,23,
21-fev-2021,20-fev-2021,322,137,1448,-14,1608,2,23,
22-fev-2021,21-fev-2021,323,135,1450,-2,1608,0,23,
23-fev-2021,22-fev-2021,324,133,1453,-2,1609,1,23,
24-fev-2021,23-fev-2021,325,123,1462,-10,1608,-1,23,
25-fev-2021,24-fev-2021,326,111,1474,-12,1608,0,23,
26-fev-2021,25-fev-2021,327,114,1474,3,1611,3,23,
27-fev-2021,26-fev-2021,328,90,1504,-24,1617,6,23,
28-fev-2021,27-fev-2021,329,87,1511,-3,1621,4,23,
1-mar-2021,28-fev-2021,330,85,1514,-2,1622,1,23,
2-mar-2021,1-mar-2021,331,80,1519,-5,1622,0,23,
3-mar-2021,2-mar-2021,332,68,1532,-12,1623,1,23,
4-mar-2021,3-mar-2021,333,63,1537,-5,1623,0,23,
5-mar-2021,4-mar-2021,334,62,1539,-1,1624,1,23,
6-mar-2021,5-mar-2021,335,62,1541,0,1626,2,23,
7-mar-2021,6-mar-2021,336,48,1557,-14,1628,2,23,
8-mar-2021,7-mar-2021,337,49,1557,1,1629,1,23,
9-mar-2021,8-mar-2021,338,49,1557,0,1629,0,23,
10-mar-2021,9-mar-2021,339,45,1563,-4,1631,2,23,
11-mar-2021,10-mar-2021,340,36,1574,-9,1633,2,23,
12-mar-2021,11-mar-2021,341,30,1582,-6,1635,2,23,
13-mar-2021,12-mar-2021,342,28,1584,-2,1644,9,32,
14-mar-2021,13-mar-2021,343,31,1584,3,1651,7,36,
15-mar-2021,14-mar-2021,344,32,1584,1,1652,1,36,
16-mar-2021,15-mar-2021,345,31,1585,-1,1656,4,40,
17-mar-2021,16-mar-2021,346,31,1585,0,1656,0,40,
18-mar-2021,17-mar-2021,347,28,1588,-3,1656,0,40,
19-mar-2021,18-mar-2021,348,30,1588,2,1658,2,40,
20-mar-2021,19-mar-2021,349,30,1588,0,1658,0,40,
21-mar-2021,20-mar-2021,350,30,1588,0,1658,0,40,
22-mar-2021,21-mar-2021,351,30,1588,0,1658,0,40,
23-mar-2021,22-mar-2021,352,29,1594,-1,1663,5,40,
24-mar-2021,23-mar-2021,353,29,1594,0,1663,0,40,
25-mar-2021,24-mar-2021,354,28,1595,-1,1663,0,40,
26-mar-2021,25-mar-2021,355,26,1597,-2,1663,0,40,
27-mar-2021,26-mar-2021,356,29,1597,3,1666,3,40,
28-mar-2021,27-mar-2021,357,22,1604,-7,1666,0,40,
29-mar-2021,28-mar-2021,358,22,1604,0,1666,0,40,
30-mar-2021,29-mar-2021,359,22,1604,0,1666,0,40,
31-mar-2021,30-mar-2021,360,22,1604,0,1666,0,40,
1-abr-2021,31-mar-2021,361,23,1604,1,1667,1,40,
2-abr-2021,1-abr-2021,362,23,1604,0,1667,0,40,
3-abr-2021,2-abr-2021,363,21,1606,-2,1667,0,40,
4-abr-2021,3-abr-2021,364,2,1625,-19,1667,0,40,
5-abr-2021,4-abr-2021,365,1,1626,-1,1667,0,40,
6-abr-2021,5-abr-2021,366,1,1626,0,1667,0,40,
7-abr-2021,6-abr-2021,367,0,1627,-1,1667,0,40,
8-abr-2021,7-abr-2021,368,0,1627,0,1667,0,40,
9-abr-2021,8-abr-2021,369,0,1627,0,1667,0,40,
10-abr-2021,9-abr-2021,370,0,1627,0,1667,0,40,
11-abr-2021,10-abr-2021,371,,,,,,,
12-abr-2021,11-abr-2021,372,0,1627,0,1667,,40,
13-abr-2021,12-abr-2021,373,0,1627,0,1667,0,40,
14-abr-2021,13-abr-2021,374,0,1627,0,1667,0,40,
15-abr-2021,14-abr-2021,375,0,1627,0,1667,0,40,
16-abr-2021,15-abr-2021,376,0,1627,0,1667,0,40,
17-abr-2021,16-abr-2021,377,0,1627,0,1667,0,40,
18-abr-2021,17-abr-2021,378,0,1627,0,1667,0,40,
19-abr-2021,18-abr-2021,379,0,1627,0,1667,0,40,
20-abr-2021,19-abr-2021,380,0,1627,0,1667,0,40,
21-abr-2021,20-abr-2021,381,0,1627,0,1667,0,40,
22-abr-2021,21-abr-2021,382,0,1627,0,1667,0,40,
23-abr-2021,22-abr-2021,383,0,1627,0,1667,0,40,
24-abr-2021,23-abr-2021,384,0,1627,0,1667,0,40,
25-abr-2021,24-abr-2021,385,0,1627,0,1667,0,40,
26-abr-2021,25-abr-2021,386,0,1627,0,1667,0,40,
27-abr-2021,26-abr-2021,387,0,1627,0,1667,0,40,
28-abr-2021,27-abr-2021,388,0,1627,0,1667,0,40,
29-abr-2021,28-abr-2021,389,0,1627,0,1667,0,40,
30-abr-2021,29-abr-2021,390,0,1627,0,1667,0,40,
1-mai-2021,30-abr-2021,391,0,1627,0,1667,0,40,
2-mai-2021,1-mai-2021,392,0,1627,0,1667,0,40,
3-mai-2021,2-mai-2021,393,0,1627,0,1667,0,40,
4-mai-2021,3-mai-2021,394,0,1627,0,1667,0,40,
5-mai-2021,4-mai-2021,395,0,1627,0,1667,0,40,
6-mai-2021,5-mai-2021,396,0,1627,0,1667,0,40,
7-mai-2021,6-mai-2021,397,0,1627,0,1667,0,40,
8-mai-2021,7-mai-2021,398,0,1627,0,1667,0,40,
9-mai-2021,8-mai-2021,399,0,1627,0,1667,0,40,
10-mai-2021,9-mai-2021,400,0,1627,0,1667,0,40,
11-mai-2021,10-mai-2021,401,1,1627,1,1668,1,40,
12-mai-2021,11-mai-2021,402,1,1627,0,1668,0,40,
13-mai-2021,12-mai-2021,403,3,1627,2,1670,2,40,
14-mai-2021,13-mai-2021,404,7,1627,4,1674,4,40,
15-mai-2021,14-mai-2021,405,8,1627,1,1675,1,40,
16-mai-2021,15-mai-2021,406,9,1627,1,1676,1,40,
17-mai-2021,16-mai-2021,407,10,1627,1,1677,1,40,
18-mai-2021,17-mai-2021,408,10,1627,0,1677,0,40,
19-mai-2021,18-mai-2021,409,10,1627,0,1677,0,40,
20-mai-2021,19-mai-2021,410,11,1627,1,1678,1,40,
21-mai-2021,20-mai-2021,411,13,1627,2,1680,2,40,
22-mai-2021,21-mai-2021,412,15,1627,2,1682,2,40,
23-mai-2021,22-mai-2021,413,17,1627,2,1684,2,40,
24-mai-2021,23-mai-2021,414,18,1627,1,1685,1,40,
25-mai-2021,24-mai-2021,415,19,1627,1,1686,1,40,
26-mai-2021,25-mai-2021,416,19,1627,0,1686,0,40,
27-mai-2021,26-mai-2021,417,20,1627,1,1687,1,40,
28-mai-2021,27-mai-2021,418,21,1627,1,1688,1,40,
29-mai-2021,28-mai-2021,419,21,1627,0,1688,0,40,
30-mai-2021,29-mai-2021,420,21,1627,0,1688,0,40,
31-mai-2021,30-mai-2021,421,21,1627,0,1688,0,40,
1-jun-2021,31-mai-2021,422,15,1633,-6,1688,0,40,
2-jun-2021,1-jun-2021,423,16,1633,1,1689,1,40,
3-jun-2021,2-jun-2021,424,18,1633,2,1691,2,40,
4-jun-2021,3-jun-2021,425,18,1633,0,1691,0,40,
5-jun-2021,4-jun-2021,426,14,1637,-4,1691,0,40,
6-jun-2021,5-jun-2021,427,14,1637,0,1691,0,40,
7-jun-2021,6-jun-2021,428,14,1637,0,1691,0,40,
8-jun-2021,7-jun-2021,429,15,1637,1,1692,1,40,
9-jun-2021,8-jun-2021,430,16,1640,1,1696,4,40,
10-jun-2021,9-jun-2021,431,16,1640,0,1696,0,40,
11-jun-2021,10-jun-2021,432,18,1640,2,1698,2,40,
12-jun-2021,11-jun-2021,433,10,1648,-8,1698,0,40,
13-jun-2021,12-jun-2021,434,10,1648,0,1698,0,40,
14-jun-2021,13-jun-2021,435,10,1648,0,1698,0,40,
15-jun-2021,14-jun-2021,436,11,1648,0,1699,0,40,
16-jun-2021,15-jun-2021,437,13,1651,2,1704,5,40,
17-jun-2021,16-jun-2021,438,15,1651,2,1706,2,40,
18-jun-2021,17-jun-2021,439,17,1651,2,1708,2,40,
19-jun-2021,18-jun-2021,440,12,1656,-5,1708,0,40,
20-jun-2021,19-jun-2021,441,17,1656,5,1713,5,40,
21-jun-2021,20-jun-2021,442,17,1656,0,1713,0,40,
22-jun-2021,21-jun-2021,443,20,1656,3,1716,3,40,
23-jun-2021,22-jun-2021,444,20,1658,0,1718,2,40,
24-jun-2021,23-jun-2021,445,23,1659,3,1721,3,40,
25-jun-2021,24-jun-2021,446,24,1660,1,1724,3,40,
26-jun-2021,25-jun-2021,447,29,1660,5,1729,5,40,
27-jun-2021,26-jun-2021,448,31,1660,2,1731,2,40,
28-jun-2021,27-jun-2021,449,26,1665,-5,1731,0,40,
29-jun-2021,28-jun-2021,450,27,1665,1,1732,1,40,
30-jun-2021,29-jun-2021,451,30,1665,3,1735,3,40,
1-jul-2021,30-jun-2021,452,35,1665,5,1740,5,40,
2-jul-2021,1-jul-2021,453,39,1665,4,1744,4,40,
3-jul-2021,2-jul-2021,454,40,1665,1,1745,1,40,
4-jul-2021,3-jul-2021,455,47,1667,7,1754,9,40,
5-jul-2021,4-jul-2021,456,47,1667,0,1754,0,40,
6-jul-2021,5-jul-2021,457,54,1667,7,1761,7,40,
7-jul-2021,6-jul-2021,458,36,1686,-18,1762,1,40,
8-jul-2021,7-jul-2021,459,40,1692,4,1772,10,40,
9-jul-2021,8-jul-2021,460,46,1692,6,1778,6,40,
10-jul-2021,9-jul-2021,461,51,1693,5,1784,6,40,
11-jul-2021,10-jul-2021,462,60,1693,9,1793,9,40,
12-jul-2021,11-jul-2021,463,64,1693,4,1797,4,40,
13-jul-2021,12-jul-2021,464,66,1693,2,1799,2,40,
14-jul-2021,13-jul-2021,465,59,1700,-7,1799,0,40,
15-jul-2021,14-jul-2021,466,63,1700,4,1803,4,40,
16-jul-2021,15-jul-2021,467,66,1702,3,1808,5,40,
17-jul-2021,16-jul-2021,468,62,1706,-4,1808,0,40,
18-jul-2021,17-jul-2021,469,65,1706,3,1811,3,40,
19-jul-2021,18-jul-2021,470,75,1706,10,1821,10,40,
20-jul-2021,19-jul-2021,471,72,1709,-3,1821,0,40,
21-jul-2021,20-jul-2021,472,69,1713,-3,1822,1,40,
22-jul-2021,21-jul-2021,473,64,1722,-5,1826,4,40,
23-jul-2021,22-jul-2021,474,78,1723,14,1841,15,40,
24-jul-2021,23-jul-2021,475,78,1724,0,1842,1,40,
25-jul-2021,24-jul-2021,476,83,1724,5,1847,5,40,
26-jul-2021,25-jul-2021,477,83,1729,0,1852,5,40,
27-jul-2021,26-jul-2021,478,83,1730,0,1853,1,40,
28-jul-2021,27-jul-2021,479,78,1735,-5,1853,0,40,
29-jul-2021,28-jul-2021,480,65,1748,-13,1853,0,40,
30-jul-2021,29-jul-2021,481,77,1748,12,1865,12,40,
31-jul-2021,30-jul-2021,482,71,1755,-6,1866,1,40,
1-ago-2021,31-jul-2021,483,74,1755,3,1869,3,40,
2-ago-2021,1-ago-2021,484,67,1762,-7,1869,0,40,
3-ago-2021,2-ago-2021,485,69,1762,2,1871,2,40,
4-ago-2021,3-ago-2021,486,60,1773,-9,1873,2,40,
5-ago-2021,4-ago-2021,487,60,1774,0,1874,1,40,
6-ago-2021,5-ago-2021,488,49,1786,-11,1875,1,40,
7-ago-2021,6-ago-2021,489,45,1791,-4,1876,1,40,
8-ago-2021,7-ago-2021,490,38,1800,-7,1878,2,40,
9-ago-2021,8-ago-2021,491,38,1800,0,1878,0,40,
10-ago-2021,9-ago-2021,492,40,1801,2,1881,3,40,
11-ago-2021,10-ago-2021,493,34,1808,-6,1882,1,40,
12-ago-2021,11-ago-2021,494,32,1810,-2,1882,0,40,
13-ago-2021,12-ago-2021,495,31,1813,-1,1884,2,40,
14-ago-2021,13-ago-2021,496,31,1814,0,1885,1,40,
15-ago-2021,14-ago-2021,497,26,1820,-5,1886,1,40,
16-ago-2021,15-ago-2021,498,25,1821,-1,1886,0,40,
17-ago-2021,16-ago-2021,499,25,1821,0,1886,0,40,
18-ago-2021,17-ago-2021,500,21,1825,-4,1886,0,40,
19-ago-2021,18-ago-2021,501,21,1825,0,1886,0,40,
20-ago-2021,19-ago-2021,502,20,1826,-1,1886,0,40,
21-ago-2021,20-ago-2021,503,10,1837,-10,1887,1,40,
22-ago-2021,21-ago-2021,504,14,1837,4,1891,4,40,
23-ago-2021,22-ago-2021,505,17,1837,3,1894,3,40,
24-ago-2021,23-ago-2021,506,21,1837,4,1898,4,40,
25-ago-2021,24-ago-2021,507,23,1837,2,1900,2,40,
26-ago-2021,25-ago-2021,508,30,1840,7,1910,10,40,
27-ago-2021,26-ago-2021,509,38,1840,8,1918,8,40,
28-ago-2021,27-ago-2021,510,43,1840,5,1923,5,40,
29-ago-2021,28-ago-2021,511,44,1840,1,1924,1,40,
30-ago-2021,29-ago-2021,512,45,1840,1,1925,1,40,
31-ago-2021,30-ago-2021,513,35,1850,-10,1925,0,40,
1-set-2021,31-ago-2021,514,42,1850,7,1932,7,40,
2-set-2021,1-set-2021,515,34,1858,-8,1932,0,40,
3-set-2021,2-set-2021,516,40,1813,6,1938,6,40,
4-set-2021,3-set-2021,517,41,1818,1,1944,6,40,
5-set-2021,4-set-2021,518,40,1820,-1,1945,1,40,
6-set-2021,5-set-2021,519,41,1865,1,1946,1,40,
7-set-2021,6-set-2021,520,32,1874,-9,1946,0,40,
8-set-2021,7-set-2021,521,34,1874,2,1948,2,40,
9-set-2021,8-set-2021,522,32,1876,-2,1948,0,40,
10-set-2021,9-set-2021,523,21,1887,-11,1948,0,40,
11-set-2021,10-set-2021,524,21,1887,0,1948,0,40,
12-set-2021,11-set-2021,525,19,1889,-2,1948,0,40,
13-set-2021,12-set-2021,526,19,1889,0,1948,0,40,
14-set-2021,13-set-2021,527,17,1891,-2,1948,0,40,
15-set-2021,14-set-2021,528,22,1892,5,1954,6,40,
16-set-2021,15-set-2021,529,22,1892,0,1954,0,40,
17-set-2021,16-set-2021,530,29,1892,7,1961,7,40,
18-set-2021,17-set-2021,531,30,1858,1,1962,1,74,
19-set-2021,18-set-2021,532,33,1858,3,1965,3,74,
20-set-2021,19-set-2021,533,34,1858,1,1966,1,74,
21-set-2021,20-set-2021,534,36,1858,2,1968,2,74,
22-set-2021,21-set-2021,535,22,1872,-14,1968,0,74,
23-set-2021,22-set-2021,536,23,1872,1,1969,1,74,
24-set-2021,23-set-2021,537,23,1872,0,1969,0,74,
25-set-2021,24-set-2021,538,25,1872,2,1971,2,74,
26-set-2021,25-set-2021,539,22,1875,-3,1971,0,74,
27-set-2021,26-set-2021,540,24,1875,2,1973,2,74,
28-set-2021,27-set-2021,541,22,1877,-2,1973,0,74,
29-set-2021,28-set-2021,542,18,1881,-4,1973,0,74,
30-set-2021,29-set-2021,543,23,1881,5,1978,5,74,
1-out-2021,30-set-2021,544,24,1881,1,1979,1,74,
2-out-2021,1-out-2021,545,19,1886,-5,1979,0,74,
3-out-2021,2-out-2021,546,28,1886,9,1988,9,74,
4-out-2021,3-out-2021,547,31,1886,3,1991,3,74,
5-out-2021,4-out-2021,548,25,1892,-6,1991,0,74,
6-out-2021,5-out-2021,549,29,1892,4,1995,4,74,
7-out-2021,6-out-2021,550,29,1892,0,1995,0,74,
8-out-2021,7-out-2021,551,20,1901,-9,1995,0,74,
9-out-2021,8-out-2021,552,21,1901,1,1996,1,74,
10-out-2021,9-out-2021,553,26,1901,5,2001,5,74,
11-out-2021,10-out-2021,554,30,1901,4,2005,4,74,
12-out-2021,11-out-2021,555,23,1908,-7,2005,0,74,
13-out-2021,12-out-2021,556,21,1910,-2,2005,0,74,
14-out-2021,13-out-2021,557,22,1910,1,2006,1,74,
15-out-2021,14-out-2021,558,23,1910,1,2007,1,74,
16-out-2021,15-out-2021,559,18,1915,-5,2007,0,74,
17-out-2021,16-out-2021,560,20,1915,2,2009,2,74,
18-out-2021,17-out-2021,561,21,1915,1,2010,1,74,
19-out-2021,18-out-2021,562,22,1915,1,2011,1,74,
20-out-2021,19-out-2021,563,22,1915,0,2011,0,74,
21-out-2021,20-out-2021,564,25,1915,3,2014,3,74,
22-out-2021,21-out-2021,565,36,1915,11,2025,11,74,
23-out-2021,22-out-2021,566,40,1915,4,2029,4,74,
24-out-2021,23-out-2021,567,45,1915,5,2034,5,74,
25-out-2021,24-out-2021,568,48,1915,3,2037,3,74,
26-out-2021,25-out-2021,569,50,1915,2,2039,2,74,
27-out-2021,26-out-2021,570,54,1915,4,2043,4,74,
28-out-2021,27-out-2021,571,47,1922,-7,2043,0,74,
29-out-2021,28-out-2021,572,42,1926,-5,2043,0,75,
30-out-2021,29-out-2021,573,52,1926,10,2053,10,75,
31-out-2021,30-out-2021,574,50,1928,-2,2053,0,75,
1-nov-2021,31-out-2021,575,50,1928,0,2053,0,75,
2-nov-2021,1-nov-2021,576,43,1935,-7,2053,0,75,
3-nov-2021,2-nov-2021,577,46,1935,3,2056,3,75,
4-nov-2021,3-nov-2021,578,38,1943,-8,2056,0,75,
5-nov-2021,4-nov-2021,579,51,1943,13,2069,13,75,
6-nov-2021,5-nov-2021,580,55,1943,4,2073,4,75,
7-nov-2021,6-nov-2021,581,50,1948,-5,2073,0,75,
8-nov-2021,7-nov-2021,582,50,1948,0,2073,0,75,
9-nov-2021,8-nov-2021,583,51,1948,1,2074,1,75,
10-nov-2021,9-nov-2021,584,44,1955,-7,2074,0,75,
11-nov-2021,10-nov-2021,585,46,1955,2,2076,2,75,
12-nov-2021,11-nov-2021,586,49,1955,3,2079,3,75,
13-nov-2021,12-nov-2021,587,52,1955,3,2082,3,75,
14-nov-2021,13-nov-2021,588,53,1955,1,2083,1,75,
15-nov-2021,14-nov-2021,589,46,1962,-7,2083,0,75,
16-nov-2021,15-nov-2021,590,49,1962,3,2086,3,75,
17-nov-2021,16-nov-2021,591,51,1962,2,2088,2,75,
18-nov-2021,17-nov-2021,592,54,1962,3,2091,3,75,
19-nov-2021,18-nov-2021,593,49,1967,-5,2091,0,75,
20-nov-2021,19-nov-2021,594,49,1967,0,2091,0,75,
21-nov-2021,20-nov-2021,595,47,1969,-2,2091,0,75,
22-nov-2021,21-nov-2021,596,44,1972,-3,2091,0,75,
23-nov-2021,22-nov-2021,597,44,1972,0,2091,0,75,
24-nov-2021,23-nov-2021,598,38,1978,-6,2091,0,75,
25-nov-2021,24-nov-2021,599,42,1978,4,2095,4,75,
26-nov-2021,25-nov-2021,600,53,1978,11,2106,11,75,
27-nov-2021,26-nov-2021,601,60,1978,7,2113,7,75,
28-nov-2021,27-nov-2021,602,,,,,,,
29-nov-2021,28-nov-2021,603,77,1978,17,2130,17,75,
30-nov-2021,29-nov-2021,604,78,1978,1,2131,1,75,
1-dez-2021,30-nov-2021,605,89,1978,11,2142,11,75,
2-dez-2021,1-dez-2021,606,84,1983,-5,2142,0,75,
3-dez-2021,2-dez-2021,607,87,1983,3,2145,3,75,
4-dez-2021,3-dez-2021,608,91,1983,4,2149,4,75,
5-dez-2021,4-dez-2021,609,103,1983,12,2161,12,75,
6-dez-2021,5-dez-2021,610,104,1983,1,2162,1,75,
7-dez-2021,6-dez-2021,611,64,2023,-40,2162,0,75,
8-dez-2021,7-dez-2021,612,58,2029,-6,2162,0,75,
9-dez-2021,8-dez-2021,613,57,2030,-1,2162,0,75,
10-dez-2021,9-dez-2021,614,59,2030,2,2164,2,75,
11-dez-2021,10-dez-2021,615,58,2031,-1,2164,0,75,
12-dez-2021,11-dez-2021,616,64,2031,6,2170,6,75,
13-dez-2021,12-dez-2021,617,63,2032,-1,2170,0,75,
14-dez-2021,13-dez-2021,618,52,2043,-11,2170,0,75,
15-dez-2021,14-dez-2021,619,46,2049,-6,2170,0,75,
16-dez-2021,15-dez-2021,620,52,2049,6,2176,6,75,
17-dez-2021,16-dez-2021,621,65,2049,13,2189,13,75,
18-dez-2021,17-dez-2021,622,71,2049,6,2195,6,75,
19-dez-2021,18-dez-2021,623,76,2049,5,2200,5,75,
20-dez-2021,19-dez-2021,624,80,2049,4,2204,4,75,
21-dez-2021,20-dez-2021,625,70,2059,-10,2204,0,75,
22-dez-2021,21-dez-2021,626,82,2059,12,2216,12,75,
23-dez-2021,22-dez-2021,627,84,2059,2,2218,2,75,
24-dez-2021,23-dez-2021,628,102,2059,18,2236,18,75,
25-dez-2021,24-dez-2021,629,118,2059,16,2252,16,75,
26-dez-2021,25-dez-2021,630,125,2059,7,2259,7,75,
27-dez-2021,26-dez-2021,631,132,2059,7,2266,7,75,
28-dez-2021,27-dez-2021,632,122,2069,-10,2266,0,75,
29-dez-2021,28-dez-2021,633,138,2069,16,2282,16,75,
30-dez-2021,29-dez-2021,634,174,2069,36,2318,36,75,
31-dez-2021,30-dez-2021,635,204,2069,30,2348,30,75,
1-jan-2022,31-dez-2021,636,234,2069,30,2378,30,75,
2-jan-2022,1-jan-2022,637,235,2069,1,2379,1,75,
3-jan-2022,2-jan-2022,638,268,2069,33,2412,33,75,
4-jan-2022,3-jan-2022,639,271,2069,3,2415,3,75,
5-jan-2022,4-jan-2022,640,301,2069,30,2445,30,75,
6-jan-2022,5-jan-2022,641,344,2067,43,2488,43,77,
7-jan-2022,6-jan-2022,642,299,2112,-45,2488,0,77,
8-jan-2022,7-jan-2022,643,324,2112,25,2513,25,77,
9-jan-2022,8-jan-2022,644,305,2131,-19,2513,0,77,
10-jan-2022,9-jan-2022,645,388,2131,83,2596,83,77,
11-jan-2022,10-jan-2022,646,432,2131,44,2640,44,77,
12-jan-2022,11-jan-2022,647,326,2237,-106,2640,0,77,
13-jan-2022,12-jan-2022,648,379,2237,53,2693,53,77,
14-jan-2022,13-jan-2022,649,405,2237,26,2719,26,77,
15-jan-2022,14-jan-2022,650,439,2237,34,2753,34,77,
16-jan-2022,15-jan-2022,651,409,2267,-30,2753,0,77,
17-jan-2022,16-jan-2022,652,462,2267,53,2806,53,77,
18-jan-2022,17-jan-2022,653,539,2266,77,2883,77,78,
19-jan-2022,18-jan-2022,654,497,2307,-42,2883,0,79,
20-jan-2022,19-jan-2022,655,528,2305,31,2914,31,81,
21-jan-2022,20-jan-2022,656,573,2305,45,2959,45,81,
22-jan-2022,21-jan-2022,657,633,2305,60,3019,60,81,
23-jan-2022,22-jan-2022,658,754,2305,121,3140,121,81,
24-jan-2022,23-jan-2022,659,775,2305,21,3161,21,81,
25-jan-2022,24-jan-2022,660,805,2305,30,3191,30,81,
26-jan-2022,25-jan-2022,661,825,2302,20,3211,20,84,
27-jan-2022,26-jan-2022,662,,,,,,,
28-jan-2022,27-jan-2022,663,765,2361,-60,3211,0,85,
29-jan-2022,28-jan-2022,664,872,2359,107,3318,107,87,
30-jan-2022,29-jan-2022,665,909,2358,37,3355,37,88,
31-jan-2022,30-jan-2022,666,983,2358,74,3429,74,88,
1-fev-2022,31-jan-2022,667,,,,,,,
2-fev-2022,1-fev-2022,668,915,-89,915,915,0,89,
3-fev-2022,2-fev-2022,669,960,-89,45,960,45,89,
4-fev-2022,3-fev-2022,670,970,-89,10,970,10,89,
5-fev-2022,4-fev-2022,671,875,6,-95,970,0,89,
6-fev-2022,5-fev-2022,672,901,3,26,996,26,92,
7-fev-2022,6-fev-2022,673,873,31,-28,996,0,92,
